,0
2026-06-28,1
2026-06-29,2
2026-06-30,3
2026-07-01,4
2026-07-02,5
2026-07-03,6
2026-07-04,7
2026-07-05,8
2026-07-06,9
2026-07-07,10
2026-07-08,11
2026-07-09,12
2026-07-10,13
2026-07-11,14
2026-07-12,15
2026-07-13,16
2026-07-14,17
2026-07-15,18
2026-07-16,19
2026-07-17,20
2026-07-18,21
2026-07-19,22
2026-07-20,23
2026-07-21,24
2026-07-22,25
2026-07-23,26
2026-07-24,27
2026-07-25,28
2026-07-26,29
2026-07-27,30
2026-07-28,31
2026-07-29,32
2026-07-30,33
2026-07-31,34
2026-08-01,35
2026-08-02,36
2026-08-03,37
2026-08-04,38
2026-08-05,39
2026-08-06,40
2026-08-07,41
2026-08-08,42
2026-08-09,43
2026-08-10,44
2026-08-11,45
2026-08-12,46
2026-08-13,47
2026-08-14,48
2026-08-15,49
2026-08-16,50
2026-08-17,51
2026-08-18,52
2026-08-19,53
2026-08-20,54
2026-08-21,55
2026-08-22,56
2026-08-23,57
2026-08-24,58
2026-08-25,59
2026-08-26,60
2026-08-27,61
2026-08-28,62
2026-08-29,63
2026-08-30,64
2026-08-31,65
2026-09-01,66
2026-09-02,67
2026-09-03,68
2026-09-04,69
2026-09-05,70
2026-09-06,71
2026-09-07,72
2026-09-08,73
2026-09-09,74
2026-09-10,75
2026-09-11,76
2026-09-12,77
2026-09-13,78
2026-09-14,79
2026-09-15,80
2026-09-16,81
2026-09-17,82
2026-09-18,83
2026-09-19,84
2026-09-20,85
2026-09-21,86
2026-09-22,87
2026-09-23,88
2026-09-24,89
2026-09-25,90
2026-09-26,91
2026-09-27,92
2026-09-28,93
2026-09-29,94
2026-09-30,95
2026-10-01,96
2026-10-02,97
2026-10-03,98
2026-10-04,99
2026-10-05,100
2026-10-06,101
2026-10-07,102
2026-10-08,103
2026-10-09,104
2026-10-10,105
2026-10-11,106
2026-10-12,107
2026-10-13,108
2026-10-14,109
2026-10-15,110
2026-10-16,111
2026-10-17,112
2026-10-18,113
2026-10-19,114
2026-10-20,115
2026-10-21,116
2026-10-22,117
2026-10-23,118
2026-10-24,119
2026-10-25,120
2026-10-26,121
2026-10-27,122
2026-10-28,123
2026-10-29,124
2026-10-30,125
2026-10-31,126
2026-11-01,127
2026-11-02,128
2026-11-03,129
2026-11-04,130
2026-11-05,131
2026-11-06,132
2026-11-07,133
2026-11-08,134
2026-11-09,135
2026-11-10,136
2026-11-11,137
2026-11-12,138
2026-11-13,139
2026-11-14,140
2026-11-15,141
2026-11-16,142
2026-11-17,143
2026-11-18,144
2026-11-19,145
2026-11-20,146
2026-11-21,147
2026-11-22,148
2026-11-23,149
2026-11-24,150
2026-11-25,151
2026-11-26,152
2026-11-27,153
2026-11-28,154
2026-11-29,155
2026-11-30,156
2026-12-01,157
2026-12-02,158
2026-12-03,159
2026-12-04,160
2026-12-05,161
2026-12-06,162
2026-12-07,163
2026-12-08,164
2026-12-09,165
2026-12-10,166
2026-12-11,167
2026-12-12,168
2026-12-13,169
2026-12-14,170
2026-12-15,171
2026-12-16,172
2026-12-17,173
2026-12-18,174
2026-12-19,175
2026-12-20,176
2026-12-21,177
2026-12-22,178
2026-12-23,179
2026-12-24,180
2026-12-25,181
2026-12-26,182
2026-12-27,183
2026-12-28,184
2026-12-29,185
2026-12-30,186
2026-12-31,187
2027-01-01,188
2027-01-02,189
2027-01-03,190
2027-01-04,191
2027-01-05,192
2027-01-06,193
2027-01-07,194
2027-01-08,195
2027-01-09,196
2027-01-10,197
2027-01-11,198
2027-01-12,199
2027-01-13,200
